,state,city,occupation,salary,cpi_index,rent_index,restaurant_price_index,groceries_index,cpi_single,cpi_family,rent_single,rent_family,groceries_single,groceries_family,restaurant_single,restaurant_family,col_single,col_family,ds_single,ds_family
0,California,Cupertino,"Data Scientist, IT",125000.0,90.77168270164698,72.87580555530852,87.24363111939942,81.58303658789949,1776.710454192417,5173.50482407556,1815.5476562188455,3402.74261952041,231.44291649621204,1157.1982658737427,694.3109895375164,2063.486363236035,3592.2581104112624,8576.24744359597,6824.408556255404,1840.4192230706958
1,California,Irvine,"Data Scientist, IT",85295.36,82.38610194183315,56.280840151021515,78.19897953503381,76.19441343191448,1612.5761277482768,4695.571164344198,1402.118942598384,2627.88468662555,216.15593146499822,1080.7644184423048,622.3309388336597,1849.5622639626197,3014.695070346661,7323.455850969748,4093.251596320006,-215.50918430308138
2,California,Los Angeles,"Data Scientist, IT",86269.74,86.13324443708926,58.8245356752999,78.00015668150301,77.04440732107268,1685.9204466649228,4909.138426718571,1465.4897748251788,2746.6558083385894,218.5672791291511,1092.8209867642913,620.7486469184055,1844.8597058309092,3151.4102214901013,7655.794235057161,4037.734778509899,-466.6492350571607
3,California,Menlo Park,"Data Scientist, IT",86400.0,93.97744861359675,74.3357889254821,89.8164568186001,80.57538917732417,1839.4581926933745,5356.216490497362,1851.920075921643,3470.9126740347347,228.58432155715093,1142.9054927079192,714.7863082994652,2124.3388366735294,3691.3782686150175,8827.129164532096,3508.6217313849825,-1627.1291645320962
4,California,Mountain View,"Data Scientist, IT",103042.0,92.16816711097931,74.45469644082486,88.0312048241135,81.23548678698016,1804.0444021300425,5253.097034040133,1854.8824069606258,3476.464745358749,230.45695246598402,1152.2685152325628,700.5787373517426,2082.1140564999323,3658.926809090668,8729.561779398882,4927.906524242666,-142.72844606554827
5,California,Palo Alto,"Data Scientist, IT",114109.51,92.54535854249175,74.69847511609082,88.24937932747912,82.01072722644962,1811.4273208956079,5274.5949465217545,1860.955640719659,3487.847344586804,232.65623206871493,1163.2647581981294,702.3150355018771,2087.274319853536,3672.382961615267,8762.442291108558,5836.742871718066,746.683542224775
6,California,San Diego,"Data Scientist, IT",91324.0,70.34133153166468,43.98485639047013,62.44659841027246,73.04962381887397,1376.8190186018853,4009.083088247769,1095.7903287701433,2053.756309283568,207.23447781176355,1036.157779134054,496.9687641284713,1476.986945599764,2472.6093473720284,6062.839397531337,5137.723985961305,1547.4939358019956
7,California,San Francisco,"Data Scientist, IT",114060.42,91.6805964003635,74.69278806352919,89.97677643079977,80.82252407882157,1794.5009855828748,5225.308087659798,1860.8139597478964,3487.581802738128,229.28541855920892,1146.4109282912289,716.0621798692339,2128.130716141276,3655.3149453307715,8712.889890397926,5849.720054669228,792.1451096020737
8,California,San Jose,"Data Scientist, IT",117109.79,91.06606070919574,72.68297470089568,87.37157290820353,81.53667668528558,1782.4724326853718,5190.2828103023985,1810.7436804259441,3393.738893775367,231.31139808848667,1156.5406831070964,695.3291886753562,2066.5124424248297,3593.216113111316,8584.021704077766,6165.93305355535,1175.1274625889
9,California,San Mateo,"Data Scientist, IT",104804.68,90.77066162371896,74.10396493025674,89.11942489402246,80.61627946703794,1776.6904682257007,5173.446628045375,1846.1446679109931,3460.0882669112734,228.70032322003993,1143.4854928443065,709.2391191340989,2107.852637593419,3622.835136136694,8633.534894956649,5110.888197196639,100.18843837668464
10,California,Santa Clara,"Data Scientist, IT",109926.79,91.06606070919574,72.53914150904777,87.44284389050276,81.47096176143978,1782.4724326853718,5190.2828103023985,1807.160378500756,3387.022984039987,231.12497142102853,1155.6085629127904,695.8963845337881,2068.198143698171,3589.6328111861276,8577.305794342385,5570.933022147205,583.2600389909476
11,California,Santa Monica,"Data Scientist, IT",88988.76,85.07650126727468,60.07812379756293,77.54781484457374,77.10265177550751,1665.2363899048742,4848.90966677794,1496.7202903563057,2805.1887836991377,218.73251282193726,1093.6471435793312,617.1487748775712,1834.160916703858,3161.95668026118,7654.098450477079,4253.77331973882,-238.36845047707902
12,California,Sunnyvale,"Data Scientist, IT",98263.52,91.8228400494589,74.45469644082486,87.73871239712932,81.23548678698016,1797.285177424079,5233.415221766896,1854.8824069606258,3476.464745358749,230.45695246598402,1152.2685152325628,698.2509948700742,2075.1960256169023,3652.1675843847047,8709.879967125646,4536.459082281963,-521.2533004589786
13,Colorado,Boulder,"Data Scientist, IT",72851.03,83.56811285243057,49.11190163804592,78.8156421668809,76.48397106999454,1635.7121001057646,4762.939521590425,1223.5198943184744,2293.150100449214,216.9773775284675,1084.8715908481236,627.2385250566883,1864.147568531067,2859.231994424239,7056.089622039639,3211.6871722424276,-985.1704553729724
14,Colorado,Denver,"Data Scientist, IT",79984.8,82.24460539693588,49.1968956325605,77.46174636067781,76.75220278947548,1609.8065592763846,4687.5066112167415,1225.6373412044165,2297.1186697889866,217.73832409346298,1088.676270026757,616.4638160621822,1832.1252249227514,2835.443900480801,6984.6252810057285,3829.9560995191996,-319.225281005728
15,District of Columbia,Washington,"Data Scientist, IT",79280.37,93.83634559822664,49.001171262082345,90.28887282345134,81.85147954822261,1836.6963269323294,5348.174366467249,1220.7612795351313,2287.979838979091,232.20446233035273,1161.005941355854,718.5459365908728,2135.512420020271,3057.4576064674607,7636.154205446339,3549.2398935325386,-1029.4567054463396
16,Georgia,Atlanta,"Data Scientist, IT",87428.57,77.71819818483186,38.340279997615184,77.09035741323258,68.85490600376602,1521.2093803509879,4429.525390085037,955.1675615525874,1790.1977727466476,195.33448284208382,976.6586432292183,613.5081914017288,1823.3411335377768,2476.3769419035752,6219.723162831684,4809.337224763092,1065.9910038349835
17,Illinois,Chicago,"Data Scientist, IT",79423.2,72.0800193387128,38.40569680137786,80.15356358084706,70.24112303111409,1410.851050524361,4108.179078204134,956.7972838430464,1793.2522370438157,199.26704192696755,996.3211614102315,637.8861050454552,1895.7920858141947,2367.648334367407,5901.43131524795,4250.951665632592,717.1686847520496
18,Indiana,Indianapolis,"Data Scientist, IT",64000.0,77.09005070907453,28.785402910569278,73.70217324329832,66.64775020181283,1508.9143985489993,4393.72431314849,717.1278641707214,1344.0581075913196,189.0730025475228,945.3516831875737,586.5440053221411,1743.2038015504918,2226.042262719721,5737.78242073981,3107.291070613612,-404.4490874064768
19,Massachusetts,Boston,"Data Scientist, IT",87729.95,88.51477910472865,51.45323559551491,83.13009764081704,78.68095637452454,1732.5351773284956,5044.873280640278,1281.8493130675035,2402.472485058241,223.21000513888868,1116.0342895031686,661.5742560549144,1966.1930694006046,3014.384490395999,7447.345765698519,4296.4446762706675,-136.51659903185282
20,Massachusetts,Cambridge,"Data Scientist, IT",80000.0,86.28076153360847,49.44702944896693,81.8847113033784,79.50588105854456,1688.807857801932,4917.546119379555,1231.8688999591682,2308.798005491471,225.55023397498505,1127.7352686987135,651.6630979656763,1936.7371917475057,2920.6767577611,7226.344124871026,3745.989908905567,-559.677458204359
21,Missouri,Kansas City,"Data Scientist, IT",90000.0,71.09451149595073,31.066225183236007,70.25415549140264,67.67981059715868,1391.561311314842,4052.010354358263,773.9497613674403,1450.55505943447,192.00085468307944,959.9907374532778,559.1036456472297,1661.651285682655,2165.5110726822822,5502.565413792733,5334.488927317718,1997.4345862072669
22,Missouri,St. Louis,"Data Scientist, IT",88982.67,69.69506440062858,24.833293286122544,70.75903068843351,61.24222833918994,1364.1693735392635,3972.249286994506,618.6693523078422,1159.524821768284,173.73807757544793,868.6781394315719,563.1215939277604,1673.5925938428293,1982.8387258471057,5131.77410876279,5432.383774152894,2283.4483912372098
23,Minnesota,Minneapolis,"Data Scientist, IT",85134.35,85.70912680896663,38.80748941796104,80.43345599501248,72.43948417989097,1677.6190226826272,4884.965969739011,966.8071031207215,1812.0128785247334,205.50357266993268,1027.5033754528274,640.1135728451079,1902.4121011940351,2644.426125803349,6696.978848263744,4450.103040863318,397.55031840292304
24,North Carolina,Charlotte,"Data Scientist, IT",82500.0,82.09741579159312,32.96130973164237,75.35043177412484,62.563640377323956,1606.9255582551687,4679.117583817113,821.1618132134333,1539.041010448252,177.48679138643033,887.4214442040762,599.6613411880177,1782.1884123216005,2428.087371468602,6218.1585942653655,4446.912628531398,656.8414057346345
25,North Carolina,Raleigh,"Data Scientist, IT",90141.22,78.48358494336294,32.978483916084954,69.74550255958435,80.26645012142455,1536.19060153042,4473.148378771488,821.5896719530328,1539.8429134792095,227.70789234946932,1138.5234084573224,555.0556330199402,1649.6206265392889,2357.780273483453,6012.991292250697,5153.98805984988,1498.777041082636
26,New York,New York,"Data Scientist, IT",99199.95,86.2982826383532,60.012261670688936,89.3453611989042,93.51058682578838,1689.1508053935424,4918.544729488149,1495.0794737757064,2802.113526219393,265.28018376607906,1326.3822167130302,711.0371880292394,2113.1964830764823,3184.230279169249,7720.658255707542,5082.432220830751,546.0042442924587
27,Ohio,Cincinnati,"Data Scientist, IT",77425.48,65.57817944439138,28.061898786322804,69.33763409779569,79.06593020745284,1283.5879375368502,3737.608663979254,699.1032782737814,1310.2759997955598,224.30213740552296,1121.4948738415733,551.8096934404874,1639.9737216810634,1982.6912158106315,5047.884663774814,4469.432117522701,1404.2386695585192
28,Ohio,Cleveland,"Data Scientist, IT",65597.65,77.21736586522466,20.844566888518642,73.1959530305332,70.44012913320458,1511.4063890263883,4400.980602278721,519.2986104369761,973.2818127571236,199.83160233798807,999.1439236641137,582.5153530028924,1731.230681078171,2030.7049994633644,5374.262415035844,3435.7658338699684,92.2084182974886
29,Oregon,Portland,"Data Scientist, IT",75000.0,74.66145953437595,39.2312912522825,74.42508867739515,66.74340781090521,1461.3786120501543,4255.307487723897,977.3652358389887,1831.8011821035132,189.34437361875698,946.7085194122228,592.297183221314,1760.3021973977502,2438.743847889143,6087.10866982741,3811.256152110857,162.89133017258973
30,Pennsylvania,Philadelphia,"Data Scientist, IT",88497.18,78.29918024004368,42.82978973812878,81.20000237637616,78.18365334909453,1532.581174510471,4462.638288027219,1067.0142687670286,1999.8235328791177,221.79920618604626,1108.9803941995615,646.2139789119144,1920.5424562060487,2599.5954432774997,6462.4618209063365,4775.1695567225,912.303179093663
31,Texas,Austin,"Data Scientist, IT",82171.52,68.40571837101248,36.04775704764319,72.45797654460362,64.66943952794364,1338.9324879631756,3898.763396840345,898.05416655223,1683.1544887835225,183.4607329968233,917.2907310962111,576.6423147349191,1713.7760612329646,2236.9866545154055,5581.917885623868,4610.6400121512615,1265.7087810427993
32,Texas,Dallas,"Data Scientist, IT",77669.8,68.48808098308668,32.73357625347288,68.87008120951425,65.83356454412814,1340.5446043143486,3903.4576292067304,815.4883118451446,1528.4075991788447,186.76323925523712,933.8030295632768,548.0887672896773,1628.915160767431,2156.032916159493,5431.865228385575,4316.450417173841,1040.6181049477582
33,Texas,Houston,"Data Scientist, IT",91116.75,85.96643772578652,41.244471817361564,79.02270877609203,73.65761766832092,1682.6554721819098,4899.631328249885,1027.519401938747,1925.8013136613827,208.95929556325964,1044.7817462927646,628.8864232527733,1869.0451079721286,2710.1748741206566,6825.432641911268,4882.887625879343,767.6298580887324
34,Tennessee,Nashville,"Data Scientist, IT",68261.47,74.54075164641509,34.91922472332651,71.87379271180336,64.38572692247135,1459.0159482759411,4248.427777861934,869.939153609761,1630.4606625102147,182.65586870635897,913.2664663864105,571.9932045383447,1699.958945219573,2328.955101885702,5878.8884403721495,3359.5007314476316,-190.43260703881606
35,Texas,Plano,"Data Scientist, IT",85000.0,70.20012337269857,32.47284539170281,70.42897528570087,65.53193912409401,1374.0550948231783,4001.034971589944,808.9927499589529,1516.233462525275,185.90755810114229,929.5246841178866,560.4949140161932,1665.7861234573968,2183.047844782131,5517.268434115219,4900.285488551202,1566.064899218114
36,Utah,Salt Lake City,"Data Scientist, IT",73614.13,63.36924906451675,28.313613180268682,66.75619894210956,67.66929282872118,1240.3516596394122,3611.711339657413,705.3742137987157,1322.0291363777185,191.97101682579913,959.8415502704299,531.2658580409906,1578.9176173787753,1945.725873438128,4933.740476035132,4188.784959895205,1200.7703572982018
37,Virginia,McLean,"Data Scientist, IT",99192.14,90.99914063532927,46.8096009266583,89.45960435151035,81.16488321734431,1781.1625793115538,5186.468720768401,1166.1629069257453,2185.6502698278537,230.25665719928406,1151.267053019777,711.9463693106248,2115.8985621219226,2947.325486237299,7372.118990596255,5318.686180429368,893.8926760704126
38,Virginia,Reston,"Data Scientist, IT",93477.83,94.33924897841932,47.75236786070317,92.85690332654896,81.33526598585237,1846.5398559541927,5376.837193750316,1189.6499652769119,2229.6702734807036,230.7400160752646,1153.6838133231258,738.9830937436745,2196.251477479536,3036.1898212311044,7606.50746723102,4753.629345435563,183.31169943564691
39,Virginia,Richmond,"Data Scientist, IT",95000.0,75.06766842891314,34.34522391947793,70.98128646507124,72.85306480706821,1469.3295012264882,4278.459241805375,855.6391289835617,1603.6592160766354,206.67685955117182,1033.3697271428978,564.8903720749764,1678.8493874718647,2324.96863021005,5882.11845788201,5591.698036456617,2034.5482087846567
40,Washington,Bellevue,"Data Scientist, IT",111968.75,89.01922585388533,43.47216137720912,84.81735715067647,77.35903317278179,1742.408915328439,5073.624071774439,1083.017609174273,2029.8173742811305,219.45984120786466,1097.2837342326889,675.0019734122286,2006.1001313277998,2825.426524502712,7103.441446055569,6505.302642163954,2227.287720611097
41,Washington,Seattle,"Data Scientist, IT",100529.55,88.69115772374336,43.13538175060007,84.34326837669661,79.77588693958263,1735.9875065899182,5054.925927117436,1074.6274520145244,2014.0923420826311,226.31621365890197,1131.5651131171219,671.2290327222647,1994.886983645628,2810.6149586044426,7069.018269200067,5566.847541395557,1308.4442307999325
